Create CTA for Abacus, create CTA Abacus

Abacus Generate CTA, create CTA Abacus

CTA create Abacus, create CTA Abacus

Please create CTA for company Abacus, create CTA Abacus

create CTA for company Abacus, create CTA Abacus

Create CTA for company Abberley, create CTA Abberley

Create CTA for Abberley,create CTA Abberley

Generate CTA for company Abberley,create CTA Abberley

Generate CTA for Abberley, create CTA Abberley

Please create CTA for company Abberley, create CTA Abberley

CTA create for Abberley, create CTA Abberley

generate CTA for Abberley, create CTA Abberley